Pais,"January , 2018","February , 2018","March , 2018","April , 2018","May , 2018","June , 2018","July , 2018","August , 2018","September , 2018","October , 2018","November , 2018","December , 2018","January , 2019","February , 2019","March , 2019","April , 2019","May , 2019","June , 2019","July , 2019","August , 2019","September , 2019","October , 2019","November , 2019","December , 2019","January , 2020","February , 2020","March , 2020","April , 2020","May , 2020","June , 2020","July , 2020","August , 2020","September , 2020","October , 2020","November , 2020","December , 2020","January , 2021","February , 2021","March , 2021","April , 2021","May , 2021","June , 2021","July , 2021","August , 2021","September , 2021","October , 2021","November , 2021","December , 2021","January , 2022","February , 2022","March , 2022","April , 2022","May , 2022","June , 2022","July , 2022","August , 2022","September , 2022","October , 2022","November , 2022","December , 2022","January , 2023","February , 2023","March , 2023","April , 2023","May , 2023","June , 2023","July , 2023","August , 2023","September , 2023","October , 2023","November , 2023","December , 2023"
Brasil,768751886.2,769282529,1041197207,916379578.8,838665018.6,964255230.1,989150657.2,1072302421,923199484.1,956933202.6,1043245824,1008106572,699843977.8,908045613.7,904494709.7,906888677.8,820501031.8,902942635.4,854522728.9,852202759,810592838.1,928983971.9,931888589.9,850990509.3,697158380,827145635.6,766512172.5,393702748.9,383295378.4,463840501.8,554817395.4,638002842.8,770307756.8,744343653.7,865669685.3,836814114.6,816322552.3,773904926.3,828591884.6,727313984.6,837016202,971837822.3,937565565.6,1191408136,1299384367,1114102780,1197103839,1066997027,674518957.9,788897830.8,986129604.9,1101624929,1035918889,1225467189,1135987678,1177016070,1213463381,1116809192,1122942098,1059103531,717617587.4,885085469.9,1132969657,1086770950,993108797.3,908409751.6,1011888212,997809691.7,1176309334,1049027061,861992443.1,1033875128
Paraguay,94423639.81,83983247.06,116706152.6,88448766.88,106433580.7,101363431.1,123094706.3,104640934.5,107842591.5,112793606.6,115049465.6,98392540.4,74106306.82,86343247.25,80264881.77,78501322.73,82752878.61,82957945.5,87949048.72,85832861.3,82947736.33,80565678.76,98651572.96,95582249.28,71428782.34,72270908.97,63020216.34,42902902.19,61046075.41,69221171.28,81104908.35,74887758.78,76889620.41,84266667.33,94368367.43,84585647.8,68463042.17,82170189.91,96983052.97,74554588.28,86265773.55,97968777.03,177923055.6,114147572.2,137818237.9,108384454.9,144773859.7,102956679.2,86321242.33,88020409.26,98192833.09,126812152.5,91178263.1,122187180.2,218624174.5,95474876.28,93649355.69,107357107.7,92827856.42,101623244.5,78188686.85,82367038.54,103416334,96518187.76,116120588.6,94640654.14,108377536.5,114355730.4,112009406.7,106742828.4,100561376,91629811.16
Uruguay,93760580.34,82874649.35,107532051.2,99656993.12,100214156.5,123009834.8,117080233.7,119267603.5,107055550.2,108736745.7,98424043.28,85647317.75,66383910.03,83548133.4,82138181.61,89976603.99,95207900.43,81920957.89,95983178.58,173212456.1,95887633.97,100380465,87511254.64,97235672.41,75720724.96,75185732.25,76968602.19,81089754.42,88348611.8,74114631.94,88992773.19,95988114.38,111438628.7,100552693.5,95109603.58,99660683.19,68965783.12,81258098.51,104791861.7,103781442.1,99340019.35,109890708.6,124782512.5,133464057.9,146828942,129078208.2,127856395.7,126461588.6,87396575.26,101273907.7,127537414.8,112396732.6,118032174.3,119718438.2,145475729.9,152510642.6,155824643.2,168140412.5,144783448.7,129202172.8,95569811.13,104068991.2,142746063.1,163725033.1,119446823.9,133664596,159865106,238367374.8,155135292.1,116241149.8,203752858.2,104772708.2
Venezuela,41042216.69,28334847.21,37522132.48,45539535.97,7641073.31,43312626.4,40709089.77,24990601.45,36289982.78,20177328.82,19664945.1,13767037.53,2278960.65,14161263.3,2934869.48,4592520.66,22581810.81,2785427.98,4346996.68,14665714.81,24221948.77,21507004.82,6753557.91,5326804.41,11032831.23,5205651.23,3240195.66,8183589.31,1946122.91,17551891.06,5935820.7,16948837.61,6241176.59,13584428.54,4197554.52,9884645.72,5694909.73,7201616.32,9095552.06,16806273.88,23886595.02,25001118.8,9963740.8,20914743.54,11634433.31,16250183.48,12206139.16,16502040.74,4767143.78,16730321.08,17043759.97,25828043.19,24818334.08,30116229.28,31542186.28,26374972.82,15051525.93,11385243.24,16330555.98,7351767.36,11895977.48,29700727.44,22933485.41,16259131.22,44105989.25,5997818.82,25525846.51,33566045.13,15144874.4,29676699.91,11876935.26,11324467.13
Bolivia,46522657.81,47125797.08,59426822.81,53393023.85,51614173.19,39805914.91,52504023.33,50167310.37,53446252.83,71563181.12,60883303.71,57533086.67,44900521.25,50694430.51,58360370.28,49317599.9,51271830.89,53292472.95,52669568.45,47528173.23,52206457.29,54679605.82,39859806.71,60704583.76,50691685.9,46294793,41264315.45,30286538.86,44159453.84,37021332.27,42155044.67,41500910.62,51361435.1,50676869.67,45245176.37,42519877.35,44875980.91,48105967.34,57303502.42,43693526.62,35636956.55,46453130.97,44086008.92,50378172.43,50207076.22,47003139.68,44918359.47,51567746.06,39523501.04,40867418.18,56206776.63,41900217.61,48689283.5,46095531.39,44053371.55,43624261.3,49151865.09,46364864.41,46924986.2,40054733.09,41030616.68,38442558.43,46355184.38,35486513.85,36646512.56,35694555.63,39599306.68,37461799.17,43797536.57,47143960.43,36907367.23,32988002.41
Chile,222850015,245586136.1,241016033.8,236717684.7,243323902.4,264219560.6,247006810.3,258453827,237282182.4,279120119.9,309973257.7,252964876.8,285722751.2,245868139.5,241153105.6,259690756.3,267706525.8,216318950,276060485.4,263485401.4,242499450.7,243055211.7,237063348.2,274998301.6,291528336.4,252426721.4,252868409.6,220145188.9,209873284.1,182709441.2,239855565.7,276427744.6,263978908.2,254992359.9,228689581.9,216894874,236511164.1,229343512.9,278493349.1,326896032.9,354477105.4,313228754.2,359967593.1,360234810,423103110.6,419570461,457228781.8,417282666.7,421180998.5,394971505.8,494604034,439907038.4,506229830,371244994.9,332262444.5,431489467.7,413069136.4,420247489.3,429957493.2,366712901.3,340173787.2,373269983.7,449662044.5,423937192.7,448022885.3,353418162.2,449109200.5,409464284.1,395534744.9,439652157.8,451670577.6,411386481.6
Colombia,24827823.76,47188272.21,52483116.9,56093897.03,54386904.13,67875727.13,38604817.84,50361108.13,52590008,80076614.75,60558380.34,64955591.11,51660914.7,46145852.74,57569019.42,51712370.74,55667776.93,60368051.4,128362837.6,135866924.2,113232001.1,70253007.63,74834215.55,50136313.41,39145029.54,80607286.02,51543336.85,40328653.13,32320891.63,31227543.2,51219624.51,55812991.38,52183921.28,63264294.22,67196949.86,21879962.55,27638603.12,53822869.54,49433583.3,108637314.1,61682096.1,134697652.4,175189113.5,134723785.6,123220505.7,82980847.24,83801819.39,93872806.82,64333035.13,86867474.59,84288169.1,111568611.9,96262518.76,87741345.32,152896714.9,138656260.3,182350173.2,111262934.6,151556856.9,158621256.8,146390621.5,129250902.1,116574770.3,167763977.2,75659755.75,99440631.22,125236341.2,98565095.4,86193844.05,85050427.93,66485696.98,85102223.97
Mexico,47403717.48,32722610.33,56869032.22,44892408.26,60756755.37,82514609,61530963.61,68033422.19,65716727.78,95971837.95,51381611.23,66856037,83451703.69,34296069.86,36556645.19,74613050.64,58723952.77,49629626.88,45710721.14,51519863.47,56918253.2,77206193.78,54511573.3,44342169.87,23924280.92,47315321.11,28168875.55,31925398.57,36396563.15,27659722.21,50327244.19,62323933.05,36046870.71,37081237.33,35483765.69,21297598.86,39423036.57,27260689.32,34052621.79,47118020.48,48891370.55,57767248.29,73255613.92,121274142.8,54205390.4,69535738.3,66322920.09,56147935.82,59528683.7,54359902.06,84510722.58,86669733.7,130537469,87959828.84,84630616.08,80887148.02,166700930.1,84795070.33,70804305.23,125562623.6,58950659.91,54348505.55,68739870.28,67822841.17,58919389.38,75250758.25,61740865.78,88049846.47,91092242.12,67756505.11,63404243.24,83000645.38
Peru,93054352.34,82586774.63,136306551.4,101988587.5,83544447.95,76580292.78,83029175.49,94748911.92,91843846.32,102299727,102750440.9,120783192,95380101.85,101740303.1,96441758.62,147725841.3,114526027.7,106288948.9,173582405.2,122519073.7,177328199.1,149846072.2,129623608.4,171587961.7,152394992.5,137032737.5,126832978,138647841.8,74096325.3,64642294.43,63395735.99,160921092.9,132063540.5,136340449.8,124428689.4,67031908.5,89403394.89,96556666.14,163828704.3,129434960.4,168727672.9,132047536.4,196225014,267426486.5,180903793.5,205598663.2,159673936.9,205388788.6,155384957.1,200178936.3,266286731.3,178801766.4,217883811.6,187562423.5,195588248.8,206797279.6,191667710.9,212405894.4,236384893,190036744.1,192403013.3,314418589.5,301904623.8,139064120,277734016.6,156080915.7,193469395.9,149854870.6,172539251.7,162421886.3,228643881.6,250246604.1
Ecuador,57861085.29,34573691.62,31081316.12,54540975.29,33123207.6,18636429.93,30028935.37,21500676.32,43793121.35,32728731.3,25888343.19,22775462.28,23054616.74,17810733.2,20313091.52,18381613.04,33238699.41,12714589.02,28811653.32,18135269.03,26388697.04,30658512.69,16903874.02,35203344.94,26441117.12,23122321.6,13009396.31,18976130.19,22931904.75,13737488.8,16876624.15,14792485.97,22379848.7,15037198.87,13203789.35,11714254.8,39006488.45,11706321.12,79555586.57,39660183.4,40926792.35,39480588.11,30470158.77,39467421.74,32947237.87,39539464.5,44773816.19,66674404.01,63523229.21,61043176.67,72496499,46381599.46,50304967.37,46944136.49,34805853.05,74231758.18,49205199.08,36896049.59,52424478.38,61588104.77,56261658.3,25428596.13,35057457.54,57907171.68,55995943.09,25912843.44,31152500.61,26987611.49,42254231.02,25757750.93,22300334.71,23860045.58
Resto America Latina,78446043.38,90198075.21,63277316.9,113487127.1,80242400.49,104409267,100301624.4,95715798.89,82491073.27,102599812.3,89138280.14,79675119.8,76647511.34,110390569.2,99050360.27,97332224.01,107493359.3,150958679.2,85509856.38,108541823.6,106371733.6,66451779.02,100107106.9,116252585.3,70311776.01,141461550.3,86695966.72,105548660.3,99765255.43,80329687.94,74844641.66,70622153.38,119948865.6,46335989.88,55535981.8,74641750.86,96105679.03,99969164.59,110151659.3,95742880.87,141600258.5,127169061.3,139925766.9,152622030.9,145769434,122822509,117670609.9,103750072.7,89580055.22,106791071.5,163760420.9,124534018.4,202597117.5,229428731.2,176317560.6,187972178.4,161398333.6,206402301.9,151081534.4,135957861.5,135924949.3,169962314.5,135445961.8,117043120.4,123524226.4,107082229.2,135248110.9,113804888.3,158542716.6,123710577.1,191866575.9,120325874.1
Canada,149604140.4,42748101.9,135260642.2,119534527.2,152309954.5,76823578.71,129452475.2,103923408.9,88541569.68,77122505.35,114589139.4,104031442.6,81265383.01,49981479.51,136576951.8,61382497.99,44944411.25,42422310.28,26565517.38,45681618.08,38326412.58,27056467.39,37692995.04,58802058.85,20160520.08,23388229.86,23922287.35,29346732.86,27333651.79,27575682.97,27907608.75,59929751.67,55229729.25,46709744.44,50004045.79,47021286.54,56596486.55,39843160.41,38826802.09,42665566.19,68220531.57,42830567.67,53010741.09,68380995.86,78058922.35,104428166.2,52074759.98,60027735.77,51780343.16,42045492.34,71279212.14,41575668.79,70911754,81508899.68,94737980.92,55452190.39,112868315,117876193.8,64709338.43,69365998.73,46163739.64,39863198.69,109023553.3,62852923.31,70492888.42,40831713.63,77057682.42,78432103.66,90131300.91,45920404,68348576.39,70484226.17
USA,486853259.5,269220834.1,352241030.6,357355325.4,247158995,281488014.5,356215428.7,308680876.2,424406088.3,350099115.4,444764250,353432268.5,301095943.3,300412760.2,369434038.3,356751304.8,425681394.1,239585594.8,446050011.3,324669036.7,359050068.2,330659407.9,303083838.3,303331166.6,225546366.4,291407394.1,246415557,270012674.7,187938920.3,330540159,368994583,332421476.8,258238773.8,258201203.4,270589521.5,227236978.6,270181196.5,306341779.5,295428070,321338101.6,425888162,623331238,331905601,532643829.4,381095110.2,471867116.3,347886182.1,610019000.1,240980458.7,570810199,619861607,654086852.7,535716864.9,736304055.6,422963631.5,642515958.5,702427285.1,631726593.8,436622124.3,422466270.8,518170567,396673512.5,353102282.5,563254355.8,399137562.3,376668874.9,503970134.7,453899682.1,424966105.4,647975249.9,417913799,526262979.5
Alemania,77566430.91,88128236.04,110091829.4,74634715.53,123137805.2,83843426.72,124089713.6,67885354.91,101065511.1,68359228.1,76248628.47,56537480.62,77108557.2,61996774.27,84036694.76,78549431.09,103495338.6,84747506.73,90499154.77,67898361.96,80221291.5,66100759.29,82706747.54,61211849.15,72853230.21,70634446.23,57918910.36,47798249.46,59607464.03,58518890.69,61502495.46,80450205.89,49112396.45,55612315.09,49712603.55,58871882.93,40308808.73,52435288.76,48206017.63,57197217.24,59039890.04,59600152.67,83007276.49,78593333.88,85597876.37,69026491.75,119488492.8,54272149.51,68021429.17,49326251.35,67366872.96,88824772.38,73371147.87,68131434.88,81671091.93,86080006.28,64630896,103892661.9,82796689.37,53277767.49,51015586.61,74627379.33,57631386.97,56273827.78,56553607.86,70822017.43,81922730.96,56318875.86,56860614.41,57619625.02,44805146.66,97597827.03
Austria,1075306.8,603672.71,530464.67,1272865.74,1466665.43,1075646.03,1509236.91,688861.74,987052.32,710090.08,1254589.52,1501476.47,1162748.17,950756.43,1122072.86,881136.35,1190739.33,1349227.38,847159.44,616926.45,413203.67,1036485.72,756763.83,403355.64,1024919.58,871010.55,362802.76,189400.48,684240.62,446213.52,613276.84,344261.13,477423.48,377546.41,139114.52,663529.52,707523.93,316692.65,845519.7,496636.54,976944.03,710874.62,543283.96,389423.39,512136.25,888713.9,760837.53,513364.51,1081392.69,1597983.51,1301210.74,929762.38,904339.23,843863.2,931044.93,643805.49,766373.83,727354.8,526596.34,1449650.61,1285693.64,577790.42,822969.88,938379.87,953107.28,473753.59,440322.25,1113189.76,998236.79,455206.82,722875.23,974041.99
Belgica,23187515,15660819.54,24912775.03,44456313.69,45651193.14,46482887.12,29000807.72,39459223.33,35221105.8,30450857.92,31377406.97,15323930.31,14268893.1,19436678.8,40607612.47,35966343.75,29947218.82,31687564.9,38039868.21,35856594.15,27493565.25,35345555.73,38865682.04,58019498.38,15692889,19202991,13332288.98,23466342.12,16050135.89,17112480.42,25818174.08,19725798,28982362.39,12219718.66,31249124.81,27708741.93,30013952.42,24892734.74,46963276.03,35730274.38,19450359.3,21346273.06,39263862.05,21141434.22,20955229.74,24446910.49,58679595.54,76878250,48540125.81,31064340.39,34656959.51,70558470.92,51320021.18,26915282.75,20262804.67,22436003.89,65901655.86,45545390.36,55871842.41,18961496.77,17154061.44,28516855.38,16195446.24,9591964.31,16979441.8,22392515.75,52882377.94,45124799.63,33948358.68,14740317.2,22892404.1,23009804.57
Espa√±a,57494041.35,72600269.54,124966670.2,109004052.4,136733569.8,157574280.3,124202236.7,220278832.5,132490538.6,155142362.1,222655727.9,75522805.59,124359311.9,56169550.82,95386870.55,118659743.7,117533049.9,133876152.9,158972322.3,175331188.5,107480354.2,113422855.2,140520369.9,85121499.9,65686667.74,61112110.45,69025708.43,48595722.63,120809704.9,107410092.7,77368880.27,120102311,123261783.8,152632124.7,97395161.73,59432297.96,144648194.4,80971927.22,169967342.3,110834222.7,146516650.4,160228658.2,242986152.7,278529163,175628085.5,129982105.1,78189285.84,128295748.5,97717065.88,105088305,98633941.64,167018576.1,208361695.8,103354855.7,246647596.2,170252971.1,175355548,121100844.4,179972501.1,61601934.75,116088513.5,60780310.93,151589644.4,126843186.4,116773681.9,153263230,125950836.6,136679803.4,185690565.4,104879272,79522754.67,77946783.83
Francia,15953083.25,21049092.48,22086596.18,19275510.8,35550487.03,80735607.25,24357387.61,35069496.15,22994896.87,100712376.8,19298106.63,15739961.15,68136176.43,28706241.22,14468893.57,38963280.63,16405926.12,37797234.41,28285118.25,19943362.61,33409871.16,20955468.02,33911641.54,13593285.16,19287873.21,67354997.34,30752790.92,32506330.58,26875780.23,16423625.75,17819026.13,26736153.94,39725194.18,25984382.26,39778052.7,23163109.62,39468938.16,54839460.85,38701322.32,24102840.04,27138966.32,35278098.49,43605038.21,49516177.57,48462707.98,25592713.18,31062740.78,20943046.5,33384000.06,20495991.45,75038788.66,76442254.86,42750618.61,21732262.8,40954366.09,38575125.95,27634986.63,70925975.74,18617917.75,23787131.18,40049828.95,20424353.19,31921280.29,14728266.94,22795914.33,27599582.58,27213494.58,40229371.79,26573402.73,15537698.23,29932928.61,48456550.93
Italia,41505516.87,61843174.05,87773440.18,81518712.24,135521254.7,111180378.5,111479779.9,89617740.76,101450591.9,105138951.3,60168328.67,96457434.12,76667454.83,65627422.46,100204281.7,70358578.53,75436189.36,88490063.61,83798636.1,92128884.29,130300879,73092407.84,63482018.77,80793378.97,44159901.92,59711985.13,70780629.55,73192640.43,96325082.28,96569250.7,62692871.25,82251316.14,77550673,68221666.61,64488609.92,19214690.53,69052068.49,29682615.44,92086898.89,74668171.2,88374946.44,84449548.66,103633269.6,117246332.3,99801624.28,92001618.41,41746808.54,81285676.25,72224743.14,78551138.84,46078723.42,124970648.6,60289377.72,86219284.24,107166592.9,53283419.51,106962022.2,203780549.5,54992538.45,70478092.69,78212476.63,47850524.6,45926993.22,60536391.17,69246878.55,87145687.87,67893208.03,78192084.93,70509144.67,104425480.3,67933418.42,24685347.96
Paises Bajos,189559350.7,93149680.72,84982990.08,111123745.2,175442267,128294338.4,210156852,130605518.9,150039629.9,116601746.9,193110864.3,142610340,63995507.21,75462546.35,144102095.5,198881310.7,189071956.9,129250428.9,133389582,113681143.2,239773533.1,200661944.8,148007627.2,169993339,94362808.29,90170944.66,236283752.8,100381289.8,104005157.3,106260682.5,199789206.4,142820752.8,219484315.5,129887004.6,95317822.8,74549347.64,158414456.5,200327003.1,213420721.7,92122300.22,306053507.9,325971802,453715642.3,310809544,275896017.7,334328315.8,161905244.4,151121501,338343852.8,421147194.7,299141652,318594118.2,359740186,339036804.9,185541281.9,192354057.5,127070516.8,337575118.4,425749350.4,222476622,142294978.6,95230357.48,127872140.6,206788314.6,104514860.4,90918315,154098728.7,160291244.5,133355526.2,130412739.2,131732958.4,78782056.83
Polonia,67462364.74,57373308.75,71221646.83,57437136.44,32338230.35,55701769.87,47554951.35,39447944.71,32702214.1,67260914.58,61230262.9,39029236.66,37770219.52,15626380.7,43479213.76,33727441.29,39660535.92,45731560.98,42680933.39,50307715.95,44583295.71,37198029.02,59099301.85,56158872.59,38633524.37,34945275.47,54090097.91,64282034.85,29495298.2,56604493.84,43874112.43,29458435.3,80207736.2,47502495.22,69805739.11,27617052.37,74118243.61,52244661.79,72666796.06,74915702.04,88265052.21,37216095.51,71401877.32,49214721.63,67144956.98,84248743.49,49844307.48,57033313.38,58609060.45,59260559.86,54141636.01,98524682.73,50082479,124671701.3,44748496.29,87479967.38,104675106.3,103594813.5,88189734.8,45892442.26,57565427.19,10137232.66,37896034.6,70798760.52,37013962.99,9365339.94,20831700.71,14534208.48,19573922.76,11288940.27,35235465.32,43761641.95
Portugal,6623298.32,6713950.83,10102281.16,4734174.77,5554550.87,3932291.98,4947941.64,5378337.35,5811985.79,5563593.06,5251529.15,3723902.49,10641619.49,5315846.83,4780040.2,4938014.56,7718891.73,4398670.24,7626050.57,7604984.92,13712661.28,10319707.28,18287630.82,4514741.59,3790981.33,3596159.07,4068371.7,4924992.98,3797263.92,5113222.46,11669499.44,11012980.89,12104713.25,7684892.23,9263184.69,7643527,7704962.93,10258657.5,7613375.61,16175458.97,6706766.37,9539243.95,11435837.09,22595124.36,23031338.09,5268168.9,10481931.31,9383605.82,7870935.71,9065961.67,6133044.47,27821843.79,23654358.37,7309872.79,6703013.27,9222040.13,25863767.63,33456026.19,16779317.22,7306160.55,8084436.04,10173180.15,10309530.74,6520369.72,8036644.95,5779806.65,10498540.29,12616091.16,8759567.77,15658678.58,6778245.06,8108437.02
Reino Unido,133592674.8,72236671.98,93487875.07,170198652.7,157486920.7,184781075.5,134942779.3,95988491.62,112710659.3,114694994.3,103060368.5,86422581.12,79007291.13,82871101.57,48317941.06,86723581.47,115130508.9,111684600.9,126048309.3,120397238,118180583.8,106841403.5,431843240.3,100029666.1,53708885.36,95104113.78,40129310.19,107515627.7,102188863,88280939.59,117793704,101381338.7,130759930.9,165749098.3,93766567.04,51180787.52,104549684.5,73138437.39,104409126.2,151003331,74795631.83,142014651.1,160533370.6,114999432.4,147107561.3,167159109.8,129526897.7,102064206,93400556.97,136540937.1,47762979.83,182277208.9,194631507.1,133320725.7,112126438.7,137963111.5,114375592.1,141845160.2,121111146.2,91809008.73,116960585.4,90631951.65,110411189.3,81264521.21,123276576,64408039.62,128883850.9,112995939.9,101781080,63064019.89,55972150.5,103751272.5
Resto UE 28,614019584,489358880,630156544,673655872,848882944,853601728,812241664,724419776,695474176,764635136,773655808,532869152,553117760,412163296,576505728,667648832,695590336,669012992,710187136,683766400,795569216,664974592,1017481024,629839488,409201696,502704032,576744640,502852640,559838976,552739904,618941248,614283584,761666560,665871232,550915968,350044960,668986816,579107456,794880384,637246144,817318720,876355392,1210125568,1043034688,944137536,932942912,681686144,681790848,819193152,912138688,730255808,1155962368,1065105728,911536064,846752704,798290496,813236480,1162443904,1044607616,597040320,628711616,438949920,590576640,634283968,556144704,532168288,670615808,658095616,638050432,518081984,475528352,507073760
Suiza,120378876.4,86050434.15,120966476,102635214.3,131708903,130480028.3,105930834.3,97650244.4,83929890.45,87420335.01,115743284.8,109773108.9,112519396.7,93657480.25,111980161.5,133240092.2,111190031.2,138974245.9,160271768.1,163749683.4,179713740.5,208722716,121732661.6,153913387.6,98713312.68,59872794.56,138391327.8,105550409.3,131653075.9,86012973.19,30458562.07,87704967.47,77357161.57,77454974.87,62808906.42,64744794.54,46490669.82,46970075.9,49582197.14,54063081.01,131650573.6,143304647,75773777.1,99089716.33,93290150.17,59170596.2,80231842.29,74927093.62,80935923.26,69361208.73,144645590.3,132417670.2,68277247.44,89351932.82,82351423.54,29386507.46,127364509.9,83887889.36,81549390.2,99539624.89,152175704.5,89682221.06,82345340.15,81520757.44,114891053.1,50102073.3,129522571.1,85809347.27,83837260.35,40011541.92,170104274.2,112799636.3
India,82121611.49,105070796.7,168252324.7,251954014.6,146597951.4,155646803.7,126326203.2,191138372.1,116598023.7,79979152.21,35299738.21,141420112.2,186438004,227299162.7,102898431.6,103458200.3,209279102.6,243414853.7,218353263.2,195118923.9,130226465.6,161457448.1,202966238.5,176200531.7,245762514,188851119.8,110363204.7,169154822.7,254396187.5,200287233.7,307710199.4,194347691.6,185377709.5,256103093.4,240874402.1,154300264.6,407578689.2,244535780,243125339.6,330200210.9,329803207,304681572.3,259564810.7,392929206.7,397374063.9,436924066.8,454936223.2,491620190.1,251037185.3,255256274.1,396739298.2,477446877.4,707959805.5,629156192,356595638.8,375376538.2,185034388.7,162043037.8,342738459.7,403119610.8,181760775.6,228092174.2,183146282,291297051.4,370394829.5,319755737.7,208946721.3,158657980.5,75686948.87,83687888.48,179447851.1,169409341.8
Rusia,44241040.63,54812874.42,80191652.66,81606519.6,57920171.52,55748196.16,64390552.32,62029095.5,57076844.73,70918908.06,67250173.06,57797630.1,40029236.29,46869927.98,65651125.84,69648180.06,59802025.17,59501986.79,54045684.73,45344484.64,51987706.95,67580914.14,47026966.63,42801438.15,59734822.97,61631421.33,58552269.59,53822879.04,55234246.2,44879716.43,41427758.8,57952922.91,45938743.94,47141625.74,44868875.15,41013713.23,37813963.15,42558511.14,54883364.26,55634306.55,48274530.33,46001158.08,68862994.96,64497505.66,78853319.82,71792693.88,59857147.28,50946286.96,72862278.02,51916523.69,5933465.39,10322609.75,23273819.8,49490867.87,49525848.24,39252351.15,37212929.72,78114460.45,24882889.06,55617010.55,23256806.41,35407754.54,32074301.78,27304931.4,26669297.39,21607326.11,19971106.12,22751057.5,17633854.33,16002326.12,12024568.68,13811239.47
China,196994575.6,273268438.8,256582079.9,263830947.1,459698240.4,404281362.3,346186626.8,213177691.7,355078090.6,503026124,667075317.7,542648163.9,264369378.2,292301513.6,264731945.5,337909118.6,770108784,438621049.6,645427213.4,677073529.2,885299873.1,965929300,935254719.6,571836095.8,282551235.3,195982314.6,226723217.5,509967945.5,980822804.9,665020059.5,556052139.3,595896475.1,319397973.7,432251781.9,369857899.4,262346984.7,286206433.2,253393464.8,427477317.6,473792321.2,774511895,521099283.3,611417479.8,1037949436,721038057.6,511411947.6,304079116.5,371193458.8,368775946.5,402814215.1,480054496.4,371023276.9,586804874,616130244.6,745789261.7,577585680.2,1053584626,1608547613,846045538.3,357479414.2,410053857.8,404927262.4,409484115.7,309498334.4,705129521.1,471416624.7,448428503,399911002.8,474601559.3,578238720.3,323307701.5,330801458.3
Corea,13746093,18982250.71,9255476.39,22913302.8,18722617.57,21068256.63,29184617.7,27565409.34,40334990.09,44432913.41,21482337.7,23843056.58,10081920.51,30723761.78,52229804.7,108523407.6,103152345.8,75265374.67,71375927.64,77842988.06,85175783.66,107334784.1,60225549.21,60636082.13,15394735.22,33412971.48,21335409.87,45098024.18,45582106.12,90662643.36,76557146.29,141525683.4,97297288.74,78324858.68,13595129.02,32659775.13,39079636.55,47586459.19,72877451.47,96635260.09,92945218.28,169875923.8,209978413.8,166946812.2,318917860.1,260336155.7,122865109.1,122122112,108999595.5,64695387.51,177798932.5,95088916.28,161162282.1,227087042.6,244933800.8,295542549,211403194.4,140608334.6,229627229.6,60836559.23,73583504.31,100027223,57327156.1,24867341.5,67508136.37,103018624.3,112176123.9,212916979,191763697,139858190,37554800.59,64201102.24
Indonesia,78617582.43,123053368.2,146948009,107425264.3,101182379.7,107799860.5,93980185.83,81072942.88,130369888.5,113198491.6,61423451.24,137523875.1,208413242.6,184555812.3,155083169,115182594.4,94942319.25,73656814.05,101677998.6,46265931.47,178463583.1,157950199,117012698.6,189358110.5,259555406,215726725.4,170544218.4,91372230.42,43627617.76,59887103.16,98652751.73,57883364.74,85093320.75,66110513.84,86321336.73,83416783.6,162324154.8,179420933.6,142729723.6,162809620.8,218041956.1,162354990.3,139165968.7,122265441.9,141901518,108402257.3,147704508.7,175858871.7,198727167.5,250367842.3,217165333.6,227732547.6,169217084.3,193024887.4,150100343.2,71388211.12,108608410.5,128833163.9,165340237,224580789.8,131325000.6,156206716.6,91208115.2,59991440.98,169501821.1,51251000.94,37636643.61,89158780.25,39041824.82,39573466.21,54363199.55,55111832.17
Japon,44048628.85,27822745.95,27771885.72,36442422.91,24206470.9,42656285.77,58076606.24,52165134.84,52922239.7,50709714.38,31616799.66,35859876.97,24708915.27,20288584.68,21163210.52,36434308,42134806.54,40845524.69,43088222.76,47636716.01,35364804.75,38641962.97,72095623.41,30379079.03,17069540.18,14637676.08,21954072.39,24802753.95,23990879.33,38756909.73,15317634.21,33755893.44,30704136.75,44545932.32,34598572.99,17328401.23,11368848.87,13247835.68,19129774.28,32986733.66,47173082.28,109169457.4,133697519.5,94840421.64,104734856.3,71547359.75,47332449.6,36715644.32,20266664.47,38656660.22,45943918.67,101563777,58164692,82547826.95,160942503.8,64829460.93,86155106.75,49765528.79,54009064.91,31718986.42,46863567.27,26514251.79,46317619.88,65849702.07,56326499.46,65647072.69,42222181.76,80354341.12,72469424.4,69636612.52,40911647.29,45692216.03
Tailandia,113537227.9,48963070.61,82707231.36,25294367.72,19464680.15,40547086.93,37669354.03,26906562.07,35913036.74,31534167.1,35302822.78,37988249.42,67383409.67,82381394.44,41205796.49,40687648.94,78177122.05,34419707.76,34316926.41,49579535.78,30436667.38,59573331.5,39053178.78,43110500.55,111416244.6,26429597.37,30012878.63,14811663.91,42756305.98,18795731.92,15999067.07,46506174.01,20864914.69,36578888.53,17496593.13,33036992.6,69737544.85,39378775.44,52594036.74,41949961.29,19530232.86,36539416.57,21067961.01,29993999.84,28690361.38,22582024.74,42878663.58,27108005.19,21271756.89,25026601.39,25062430.85,26341608.47,48467000.73,32002782.38,29047270.37,24249536.77,25638029.82,20701672.16,25579441.51,41215452.1,19671353.87,32496558.74,19647870.77,17603608.06,21553771.72,16328843.06,26973474.43,21542908,17037667.3,15655503.08,18246994.97,41187489.32
Taiwan,17312650.89,4198242.36,5549593.48,6058261.56,5256044.3,5598641.17,5577233.04,5121504.06,9794110.73,10482600.93,18431021.83,8925687.14,4335178.54,3513665.72,20960357.64,24422701.5,49139752.77,7855136.12,3043024.26,5275993.86,5855293.73,5702646.62,17464629.82,16305030.95,6502665,16057159.65,12653851.5,47299112.79,35535375.6,18572005.31,9094562.28,16487872.42,4060029.88,5341897.47,7620968.48,8145619.01,8433515.48,5330830.93,4096875.9,30961067.86,45019066.11,38709623.93,58192252.23,38265374.05,28700300.91,23067015.1,31507798.71,24432072.14,38960680.93,43420201.32,79135644.69,43130525.93,37768359.33,75723770.49,17470846.75,26286696.07,14187630.69,25112975.76,8639892.13,27222229.75,4080839.59,28914162.2,25686255.31,3298194.2,4951447.98,21455369.53,5405963.96,5915896.78,4919176.23,4476022.16,4852950.32,8259289.95
Vietnam,239334395.1,202415935.9,286144272.9,112385207.2,97276294.6,76488351.54,144273919.6,284927062.3,170685375.3,212075385.5,157998622.6,116959599.1,139669674.4,206926793,298111631.7,254902908.5,295552161.7,257357199,328387332.5,216134526.7,261090182.6,272204780.1,154576316.3,120893442.2,231117139.5,112437619.2,273884658.9,266295560.5,335591392,331021673.2,265736307.3,313089362.9,227021372.7,198240823.1,233705068,62752246.61,166675028.8,313880326.8,295772679.8,308139792.3,251387254.4,294814279,262515155.9,316178562.1,307019673.7,234997059.9,177192851.5,292345986.7,116210342.4,188079141.5,333488202.3,423352162.7,271416156.7,271085219,346480038.3,305813644.3,253634456.2,236455395,250705185.6,226042317.5,85199192.46,102410944.9,89986553.36,246200157.1,214318265.6,292104729.5,279690161.4,254518613.7,217431108.9,98402774.62,100629267.3,112292344.9
Resto Asia Pacifico,74622136.82,121753459,109726012.7,167888687.1,160406960.7,124776408.8,140632331.9,102850222,72649990.11,65956599.69,83635028.46,110995628.7,74658501.34,97503799.38,131446825.5,162789802.5,143417929.2,138484417.4,87625564.22,113425412.5,84834249.17,106038971.2,93844344.1,85005983.86,114313642.1,99431244.42,86496149.65,139566252.2,129507415.2,181582934.7,91031256.36,94667853.66,95224583.64,100361932.7,72655538.51,32809915.6,105340449.3,73046445.52,183990295.4,227968175.6,171787612.7,157297356.4,184762656.1,181370249,177944871.2,168043851.3,103719532.7,143706557.6,97839513.36,179966976,188346268.6,166269840.7,240396555.1,183974391.2,217258730.5,193076977,191023853,102656943.7,213754643.3,173754982.9,115549659.6,91621841.55,228483566.5,152952394.8,187211184.9,125104044,197116271.9,144562589.5,156052581.9,137363274.7,93866854.14,80660937.59
Israel,32322417.3,21094841.89,25192339,8624608.37,9475231.32,21127075.15,18161461.94,24614422.54,20349113.44,3040067.1,12286390.85,19519297.31,18089542.87,29617597.71,28697452.21,17942910.1,9568139.91,14829542.89,21008191.6,25270189.15,23519643.56,13698259.01,13431185.63,17737093.87,22348717.92,34598769.09,24275689.92,26599195.17,14008147.63,22049759.44,25519545.57,28798088.59,31979847.12,12627943.7,16985503.08,28625836.7,38335344.59,42671326.44,28855220.99,21981219.49,11610809.85,25978314.79,44821386.35,27792191.49,38080076.53,23980309.77,34020659.42,28108524.93,32506996.21,24101522.07,48227231.05,32336219.38,49817427.58,14629184.02,51796067.11,43164016.73,46043159.58,16070148.08,15384758.27,27129153.05,28718078.23,35572581.83,43839863.09,15941706.89,13118898.5,22230111.63,40385109.79,59740564.59,28090962.08,7362443.57,10805063.98,35195945.76
Australia,39836211.97,35179689.78,44240329.99,62409792.75,50125459.57,31609393.96,64241564.1,43657431.57,53286967.78,49915133.39,84616964.5,62326845.11,38584459.17,41340480.21,31601830.25,59828838.77,65879392.83,23188428.22,49054798.3,49065237.33,30671116.11,32978710.62,62471044.77,42183695.06,30066611.41,44519407.37,37775481.49,44077991.69,47256040.07,39250635.34,56311933.31,33104626.97,39961633.3,75489942.66,48565541.86,70922239.84,65535993.12,42882172.73,49414583.5,94121777.54,39330191.22,63815360.13,20779397.01,50916324.77,31277097.93,52637052.61,56386889.34,53622371.23,39817497.27,20051890.96,93990464.48,55450426.45,56905748.85,66106021.27,57773271.59,73365874.76,19228281.73,65426888.07,70555265.72,27977766.92,23420763.78,42970230.4,34931253.64,51922465.77,31558539.88,104407149.4,50384903.17,20284723.17,65121606.75,26890300.91,43850501.92,45299608.72
Nueva Zelandia,2859607.16,7726990.97,2101459.85,16691019.71,20493155.83,4774134.19,8484423.21,19460612.95,12367205.67,10693678.07,1218319.96,17872632.11,11768124.13,5322655.23,10984832.55,8555708.31,17339293.37,9825547.88,9595917.82,17543873.91,13011401.58,16586867.37,11197477.2,10695700.66,10179351,14723409.48,18528178.61,10510162.04,4016587.35,23059922.57,4292349.95,15532698.55,18987001.08,11278909.62,12231730.73,13649967.59,11580308.22,2334560.23,12945172.08,11928411.58,20655771.82,8512029.74,18794985.03,17943327.49,15940627.57,27658174.43,21994520.45,12944194.38,28818834.09,22207262.4,21157987.5,18913859.3,14161259.18,17246535.29,14739032.97,14314132.44,19169677.18,19258088.47,18743627.39,1623010.32,12098531.63,4113347.24,13306364.1,1084637.01,17130571.73,6644876.01,23645338.59,13846774.42,1819112.73,1574687.05,17637597.46,3095691.68
Angola,3126358.9,1407009.4,2435374.4,2620618.88,2766417.27,4014766.77,2735187.65,4503125.14,2489184.38,3150130.16,2618047.77,5453270.54,2081927.83,2347636.08,5130495.69,1761770.16,1806022.71,2342656.86,2193699.51,2784124.09,1950817.39,7614615,5076182.85,2400193.01,1621373.02,5125527.41,795226.93,1532377.8,1712432.09,1000609.79,1468981.65,3774428.66,1272372.2,1953234.92,16213631.65,1736930.27,3342481.01,1698290.09,1556667.68,14148423.33,15275801.53,813905.05,1899200.74,8052746.57,1806302.65,8169301.15,10903801.07,27391102.51,15510192.35,31147628.69,8498527.68,21269891.36,9351644.84,7425470.01,2377533.27,15427539.06,5978559.32,3729560.8,9196217.45,2108909.25,2872490,1328699.61,1711243.02,4179398.47,3705942.52,2468775.28,2636708.52,9604829.5,1892638.5,5127541.4,1772504.63,1720640.61
Argelia,184554281.1,155349296.1,239759344.8,128257480.3,157705276.5,86890333.57,139450517.4,116354433.4,82491561.12,93851262.07,120265530.9,218531710.2,136903838.8,66529009.64,136190265.6,108825119.2,107033371.1,123794778.9,159549836.3,153088364.5,95757607.08,141792908.4,180346549.6,113827342.4,56815508.33,94371523.14,136186466,143453704.7,127978489.8,74542189.45,117469629.4,69313699.44,97074070.6,82571802.71,75995898.09,19548265.69,85316719.49,102216671.6,144716882.6,132393219.2,78780669.11,127060387.7,131448614.9,113129323.1,164155466,122481675.9,150552594.6,115124766,163287257.4,159570277.5,167513602.1,191496121,208229440,88264098.14,122567913.8,103429692.1,81898377.97,105359348.2,109988171.1,95724013.31,30822407.03,92012714.06,148224562.3,42377638.76,165215898.4,76635404.63,76697084.39,56400544.87,72430696.91,41065119.45,30954200.51,62439685.7
Egipto,78577697.11,92839660.75,122520080.9,129243595.5,164933347.9,55717558.59,84850153.81,77776499.93,73067755.53,75275445.38,30392551.82,4835597.23,11173146.54,24884385.71,108224444.1,179383667.9,263905602.7,107200007.2,88882800.35,40636220.09,69441587.22,70021228.14,11290167.17,9615833.36,15737544.46,35606560.37,92707113.44,181209859.2,242102104.4,265904755.4,110119688.9,53658580.21,42828055.32,28214629.51,55384108.96,48328865.46,29250391.75,106506456,133883965.5,314272221.2,228162745.7,186291482.4,219892385.7,177431600.4,37951290.28,12442659.22,86212736.71,3331204.33,9055564.25,6410400.02,49797505.95,214141464.2,140702381.7,97135035.21,147877945.7,67367112.92,84793270.59,48588456.51,23945633.46,38380730.66,31172171.05,57323920.2,81698597.36,131831466.8,67571240.02,84720409.68,60401618.88,135938889.5,83962650.84,2196189.87,40399416.31,37731748.01
Marruecos,33866464.55,19207891.66,33459248.41,31698324.52,3920286.58,52968703.74,38914780.46,29465986.32,39959875.67,46152829.36,8400640.66,36405756.8,39630716.64,14523367.84,41899807.65,54456465.02,59974555.46,79928079.5,89297546.75,68919866.2,31530538.02,34222106.17,68543782.59,28764158.25,27294289.58,14165715.69,52933263.34,56234973.47,65230805.73,88199850.79,30767839.86,21609348.14,55382658.99,45501714.82,22528226.37,7950299.18,18083122.58,23261085.21,109399467.5,95305595.64,49475871.87,103780693.7,69855016.85,60583514.44,30765127.54,11128446.39,21510649.68,86124953.97,126293438.3,98907870.1,72233946.32,151540918.9,126552360.9,77153310.86,35428218.71,83264706.42,44159647.91,21701886.21,92765834.02,13935507.86,71125336.95,43678476.77,37427443.78,64406639.71,36112648.51,67212905.07,72714045.45,39124603.09,17958221.23,713017.16,14907552.06,19780348.86
Sudafrica,29710855.47,53362111.08,31607919.51,57530085.27,36328221.16,43770526.14,49902335.7,59422976.74,38805946.3,51164130.9,41204700.02,23356286.12,28439804.13,22013407.34,62099273.68,66432856.34,57508819.92,69598086.62,46357423.19,68905823.12,40783929.82,55413847.31,26425620.53,54791708.8,46416143.63,15561415.4,32779403.3,26138449.59,23502651.82,27618241.08,24877475.81,28546422.49,38235768.87,18993267.4,25082886.42,32542482.62,57422205.14,29412257.91,38861786.3,36731173.34,41658656.16,23143011.94,40599633.76,37048937.75,32545524.43,41768848.2,47921681.41,25698109.46,88316919.96,31746903.61,50099600.34,59698976.91,22393575.8,44170641.96,22660553.37,44291213.03,12984387.87,32554027.55,9861456.71,41929720.97,16647255.5,39614306.99,12068932.22,10660565.71,23771007.1,16397227.72,10432967.91,20873564.35,18697778.78,14763380.16,10011195.51,12608009.13
Resto Africa,104022631.8,95618036.48,107344496.9,121529244.5,68973539.91,49818369.45,97875012.07,102070694,66512479.36,50478960.35,88083977.34,122980073.7,201121168.2,114373213.8,98554255.44,115825550.4,81848447.62,71991620.13,98103216.36,70691189.31,66631085.43,70257791.43,87302530.87,152863550.2,188119111.1,110636484.3,86445340.62,85283437.23,79549633.6,88199909.25,127055181.5,112574851.4,56404498.12,88444608.22,67323838.38,80317206.18,161922111.3,161589262.4,202744864,119536400.8,161639669.9,118611568.1,81811564.31,130111751.1,208202265.3,139757197.2,206857093.9,215867495.1,321009554.1,367842445.3,306084756.2,295948135.1,300814506.4,160937552.3,210640528.6,162961872,88631331.51,112185013.8,110064263.1,110532447.7,103854347.6,92742585.86,107081352.9,128235153.4,103032578.5,84101719.46,113875215.1,147118575.8,93777238.55,78165149.96,53789945.14,128821968
Resto Mundo,456747635.1,410038444,453168465,517276722.2,517540833.8,519321687.3,577205505.1,482862815.9,512344744.3,589686241.4,355687291.3,639193799.2,525690038.6,379424456.2,586361127.9,472272843.5,546351985.6,556705745.6,528031487.5,506019992.8,462713285.1,448998537.6,429696152.3,656347727.6,573583623.6,458652126.3,392455651.5,392268652.4,564654279.3,447783789.4,639711219.1,433405247.5,438561208.5,449209554.2,474646689.4,336593894.4,571987252.8,566485993.7,509945714.4,772551997.2,826406990.6,770086040.3,732702626.8,701542710.3,601497255.6,590596639.9,444356576,548371451,489484419.9,655456410.8,569629272,973464344.1,757976712.8,1126541895,822004337.3,819332174.4,501201853.1,466286332.2,356665282.9,593844305.9,255068736.4,402052313.6,286217072.5,475541127.8,451837092.6,405637740,479223407.1,376032349.4,338856474.7,468505223.1,468505223.1,468505223.1
Medio Oriente,208082729.1,183758335.9,197334553.5,231816133.4,225944384.1,258764876.7,330011895,233585800.7,236667088.6,186884868.9,137743002.6,278426215.3,296361261.5,198534849.4,328970171.1,286607307,294500373.1,383259666.2,258198268.5,273564158.9,220387508.4,173646646.6,184186487.2,227230138.2,302985433.1,169773674.1,224847432.5,184274480.8,275525522.1,233729346.2,400099897,257364235.6,261923689.9,196977962.4,253697691.7,216438690,332163496.9,339281919.6,272197666,420773765.7,549042666.5,503632036.6,460747809.7,415138211.6,288770850.8,201146839.1,244129991.6,193676158.9,191947207.7,328869446.1,286436517,582948540.3,356777508.2,714142757.7,504015271.9,515031827.5,218764502.8,207329787.5,161387238.7,286202164,94637390.82,249545937.8,170247341.5,234274851.9,214363611.1,174406439.3,275798727.2,208270373.5,177911848,223952236.4,247329734.8,260778314.1